{
  "name": "The Automated Clip Farm",
  "nodes": [
    {
      "parameters": {
        "unit": "minutes"
      },
      "type": "n8n-nodes-base.wait",
      "typeVersion": 1.1,
      "position": [
        2160,
        2600
      ],
      "id": "55372f32-cc24-4251-96fa-1a09abeb294b",
      "name": "Wait1",
      "webhookId": "8e4dca57-cfcf-4bc8-a739-1fb3f8942285"
    },
    {
      "parameters": {
        "documentId": {
          "__rl": true,
          "value": "1z2nBS4rBFG47BkzzFyY9eIx6ZSpbVT9tTuodhkCGCjU",
          "mode": "list",
          "cachedResultName": "Make a Copy!!! The AUTOMATED CLIP FARM",
          "cachedResultUrl": "https://docs.google.com/spreadsheets/d/1z2nBS4rBFG47BkzzFyY9eIx6ZSpbVT9tTuodhkCGCjU/edit?usp=drivesdk"
        },
        "sheetName": {
          "__rl": true,
          "value": "gid=0",
          "mode": "list",
          "cachedResultName": "Sheet1",
          "cachedResultUrl": "https://docs.google.com/spreadsheets/d/1z2nBS4rBFG47BkzzFyY9eIx6ZSpbVT9tTuodhkCGCjU/edit#gid=0"
        },
        "filtersUI": {
          "values": [
            {
              "lookupColumn": "production_status",
              "lookupValue": "for production"
            }
          ]
        },
        "options": {}
      },
      "type": "n8n-nodes-base.googleSheets",
      "typeVersion": 4.5,
      "position": [
        1820,
        2440
      ],
      "id": "1ca1fa11-b26f-42d1-9540-10ba9c30589d",
      "name": "Get Longform1",
      "credentials": {
        "googleSheetsOAuth2Api": {
          "id": "dVl967zdp9wvmGOI",
          "name": "Google Sheets account 2"
        }
      }
    },
    {
      "parameters": {
        "url": "=https://api.klap.app/v2/tasks/{{ $json.id }}",
        "authentication": "genericCredentialType",
        "genericAuthType": "httpHeaderAuth",
        "options": {}
      },
      "type": "n8n-nodes-base.httpRequest",
      "typeVersion": 4.2,
      "position": [
        2360,
        2580
      ],
      "id": "d7748a3b-4d77-4599-bc54-b9d588c14a08",
      "name": "Get Status1",
      "credentials": {
        "httpHeaderAuth": {
          "id": "u5ub0gDmnJid4z1x",
          "name": "Klap API"
        }
      }
    },
    {
      "parameters": {
        "method": "POST",
        "url": "=https://api.klap.app/v2/projects/{{ $json.folder_id }}/{{ $json.id }}/exports",
        "authentication": "genericCredentialType",
        "genericAuthType": "httpHeaderAuth",
        "sendBody": true,
        "specifyBody": "json",
        "jsonBody": "={\n  \"preset_id\": \"123\"\n}",
        "options": {}
      },
      "type": "n8n-nodes-base.httpRequest",
      "typeVersion": 4.2,
      "position": [
        1760,
        2820
      ],
      "id": "b1e1d976-f691-44eb-8eb0-50d3f5b7da23",
      "name": "Export Shorts1",
      "credentials": {
        "httpHeaderAuth": {
          "id": "u5ub0gDmnJid4z1x",
          "name": "Klap API"
        }
      }
    },
    {
      "parameters": {
        "url": "=https://api.klap.app/v2/projects/{{ $json.folder_id }}/{{ $json.id }}/exports/{{ $json.id }}",
        "authentication": "genericCredentialType",
        "genericAuthType": "httpHeaderAuth",
        "options": {}
      },
      "type": "n8n-nodes-base.httpRequest",
      "typeVersion": 4.2,
      "position": [
        2320,
        2860
      ],
      "id": "aa4df894-d9c7-47e9-b837-5d8fa3536340",
      "name": "Get Shorts1",
      "credentials": {
        "httpHeaderAuth": {
          "id": "u5ub0gDmnJid4z1x",
          "name": "Klap API"
        }
      }
    },
    {
      "parameters": {
        "method": "POST",
        "url": "https://backend.blotato.com/v2/posts",
        "authentication": "genericCredentialType",
        "genericAuthType": "httpHeaderAuth",
        "sendBody": true,
        "specifyBody": "json",
        "jsonBody": "={\n  \"post\": {\n    \"target\": {\n      \"targetType\": \"youtube\",\n      \"title\": \"{{ $('Get Shorts Details1').item.json.name }}\",\n      \"privacyStatus\": \"unlisted\",\n      \"shouldNotifySubscribers\":false\n    },\n    \"content\": {\n      \"text\": \"{{ $('Get Shorts Details1').item.json.publication_captions.youtube }}\",\n      \"platform\": \"youtube\",\n      \"mediaUrls\": [\"{{ $json.url }}\"]\n    },\n    \"accountId\": \"218\"\n  }\n}",
        "options": {
          "batching": {
            "batch": {
              "batchSize": 1,
              "batchInterval": 10000
            }
          }
        }
      },
      "type": "n8n-nodes-base.httpRequest",
      "typeVersion": 4.2,
      "position": [
        2320,
        3320
      ],
      "id": "50570330-831a-4c0f-a53e-ba377bed1fc5",
      "name": "🔺YOUTUBE1"
    },
    {
      "parameters": {
        "method": "POST",
        "url": "https://backend.blotato.com/v2/posts",
        "authentication": "genericCredentialType",
        "genericAuthType": "httpHeaderAuth",
        "sendBody": true,
        "specifyBody": "json",
        "jsonBody": "={\n  \"post\": {\n    \"target\": {\n      \"targetType\": \"instagram\"\n    },\n    \"content\": {\n      \"text\": \"{{ $('Get Shorts Details1').item.json.publication_captions.instagram }}\",\n      \"platform\": \"instagram\",\n      \"mediaUrls\": [\"{{ $json.url }}\"]\n    },\n    \"accountId\": \"4116\"\n  }\n}\n",
        "options": {
          "batching": {
            "batch": {
              "batchSize": 1,
              "batchInterval": 10000
            }
          }
        }
      },
      "type": "n8n-nodes-base.httpRequest",
      "typeVersion": 4.2,
      "position": [
        2380,
        3480
      ],
      "id": "32780d9c-18c3-44fc-bb16-d66144c14d09",
      "name": "📷 INSTAGRAM1"
    },
    {
      "parameters": {
        "method": "POST",
        "url": "https://backend.blotato.com/v2/posts",
        "authentication": "genericCredentialType",
        "genericAuthType": "httpHeaderAuth",
        "sendBody": true,
        "specifyBody": "json",
        "jsonBody": "={\n  \"post\": {\n    \"target\": {\n      \"targetType\": \"tiktok\",\n      \"isYourBrand\": false,\n      \"disabledDuet\": false,\n      \"privacyLevel\": \"PUBLIC_TO_EVERYONE\",\n      \"isAiGenerated\": false,\n      \"disabledStitch\": false,\n      \"disabledComments\": false,\n      \"isBrandedContent\": false\n    },\n    \"content\": {\n      \"text\": \"{{ $('Get Shorts Details1').item.json.publication_captions.tiktok }}\",\n      \"platform\": \"tiktok\",\n      \"mediaUrls\": [\"{{ $json.url }}\"]\n    },\n    \"accountId\": \"1119\"\n  }\n} ",
        "options": {
          "batching": {
            "batch": {
              "batchSize": 1,
              "batchInterval": 10000
            }
          }
        }
      },
      "type": "n8n-nodes-base.httpRequest",
      "typeVersion": 4.2,
      "position": [
        2160,
        3200
      ],
      "id": "8c81ecab-c2a5-49a3-8a45-7b5ce9f0c4b0",
      "name": "🎵 TIKTOK1"
    },
    {
      "parameters": {
        "method": "POST",
        "url": "https://backend.blotato.com/v2/posts",
        "authentication": "genericCredentialType",
        "genericAuthType": "httpHeaderAuth",
        "sendBody": true,
        "specifyBody": "json",
        "jsonBody": "={\n  \"post\": {\n    \"target\": {\n      \"targetType\": \"linkedin\"\n    },\n    \"content\": {\n      \"text\": \"{{ $('Get Shorts Details1').item.json.publication_captions.linkedin }}\",\n      \"platform\": \"linkedin\",\n      \"mediaUrls\": [ \"{{ $json.url }}\" ]\n    },\n    \"accountId\": \"969\"\n  }\n}\n",
        "options": {
          "batching": {
            "batch": {
              "batchSize": 1,
              "batchInterval": 10000
            }
          }
        }
      },
      "type": "n8n-nodes-base.httpRequest",
      "typeVersion": 4.2,
      "position": [
        2160,
        3540
      ],
      "id": "b6f281dd-5271-47b2-9ad1-d9187f323305",
      "name": "👔 LINKEDIN1"
    },
    {
      "parameters": {
        "content": "## Step 2: Analyze Longform",
        "height": 100,
        "width": 700,
        "color": 6
      },
      "type": "n8n-nodes-base.stickyNote",
      "typeVersion": 1,
      "position": [
        960,
        2620
      ],
      "id": "2329bc92-361e-47ac-b819-9248519d0973",
      "name": "Sticky Note5"
    },
    {
      "parameters": {
        "content": "## Step 3: Produce Shorts",
        "height": 100,
        "width": 540,
        "color": 4
      },
      "type": "n8n-nodes-base.stickyNote",
      "typeVersion": 1,
      "position": [
        1160,
        2820
      ],
      "id": "26a2a9ad-90db-4f08-b7dc-8d850e9ce2a6",
      "name": "Sticky Note6"
    },
    {
      "parameters": {
        "content": "## Step 4: Publish Shorts",
        "height": 100,
        "width": 280,
        "color": 5
      },
      "type": "n8n-nodes-base.stickyNote",
      "typeVersion": 1,
      "position": [
        1100,
        3040
      ],
      "id": "b14eec3e-2fed-491c-bbb1-7c7058a3d2e9",
      "name": "Sticky Note7"
    },
    {
      "parameters": {
        "content": "## Step 1: Get Longform (Klap Subscription) ",
        "height": 100,
        "width": 840
      },
      "type": "n8n-nodes-base.stickyNote",
      "typeVersion": 1,
      "position": [
        860,
        2460
      ],
      "id": "a29a86f3-713d-4e28-a50d-19f0455b8d4f",
      "name": "Sticky Note8"
    },
    {
      "parameters": {
        "rule": {
          "interval": [
            {}
          ]
        }
      },
      "type": "n8n-nodes-base.scheduleTrigger",
      "typeVersion": 1.2,
      "position": [
        1560,
        2440
      ],
      "id": "2e1fda46-f86b-4b38-9bc8-72a36ca4ff17",
      "name": "Schedule Trigger1"
    },
    {
      "parameters": {
        "method": "POST",
        "url": "https://api.klap.app/v2/tasks/video-to-shorts",
        "authentication": "genericCredentialType",
        "genericAuthType": "httpHeaderAuth",
        "sendBody": true,
        "specifyBody": "json",
        "jsonBody": "={\n  \"source_video_url\": \"{{ $json.longform_links }}\",\n  \"language\": \"en\",\n  \"target_clip_count\": 1,\n  \"max_clip_count\": 1,\n  \"editing_options\": {\n    \"captions\": true,\n    \"reframe\": true,\n    \"emojis\": true,\n    \"remove_silences\": true,\n    \"intro_title\": false\n  },\n  \"dimensions\": { \"width\": 1080, \"height\": 1920 },\n  \"min_duration\": 15,\n  \"max_duration\": 60,\n  \"target_duration\": 30\n}\n",
        "options": {}
      },
      "type": "n8n-nodes-base.httpRequest",
      "typeVersion": 4.2,
      "position": [
        1860,
        2640
      ],
      "id": "329edb22-5612-4a19-986e-03ad7c13acdc",
      "name": "Analyze Longform1",
      "credentials": {
        "httpHeaderAuth": {
          "id": "u5ub0gDmnJid4z1x",
          "name": "Klap API"
        }
      }
    },
    {
      "parameters": {
        "conditions": {
          "options": {
            "caseSensitive": true,
            "leftValue": "",
            "typeValidation": "strict",
            "version": 2
          },
          "conditions": [
            {
              "id": "20719646-7931-45f3-bb0e-e850d79a5b2d",
              "leftValue": "={{ $json.status }}",
              "rightValue": "ready",
              "operator": {
                "type": "string",
                "operation": "equals",
                "name": "filter.operator.equals"
              }
            }
          ],
          "combinator": "and"
        },
        "options": {}
      },
      "type": "n8n-nodes-base.if",
      "typeVersion": 2.2,
      "position": [
        2560,
        2580
      ],
      "id": "08d15095-651c-441f-a510-ada5e3ee5268",
      "name": "Ready?1"
    },
    {
      "parameters": {
        "conditions": {
          "options": {
            "caseSensitive": true,
            "leftValue": "",
            "typeValidation": "strict",
            "version": 2
          },
          "conditions": [
            {
              "id": "20719646-7931-45f3-bb0e-e850d79a5b2d",
              "leftValue": "={{ $json.status }}",
              "rightValue": "ready",
              "operator": {
                "type": "string",
                "operation": "equals",
                "name": "filter.operator.equals"
              }
            }
          ],
          "combinator": "and"
        },
        "options": {}
      },
      "type": "n8n-nodes-base.if",
      "typeVersion": 2.2,
      "position": [
        2580,
        2960
      ],
      "id": "e0f2397d-2ce6-4538-b6df-09f856fb3375",
      "name": "Ready? "
    },
    {
      "parameters": {
        "operation": "append",
        "documentId": {
          "__rl": true,
          "value": "1z2nBS4rBFG47BkzzFyY9eIx6ZSpbVT9tTuodhkCGCjU",
          "mode": "list",
          "cachedResultName": "Make a Copy!!! The AUTOMATED CLIP FARM",
          "cachedResultUrl": "https://docs.google.com/spreadsheets/d/1z2nBS4rBFG47BkzzFyY9eIx6ZSpbVT9tTuodhkCGCjU/edit?usp=drivesdk"
        },
        "sheetName": {
          "__rl": true,
          "value": 1447421682,
          "mode": "list",
          "cachedResultName": "Sheet2",
          "cachedResultUrl": "https://docs.google.com/spreadsheets/d/1Egz48qUvhVCWoaF11fedsgbuRNrN8JF8MapcZ7vw3j8/edit#gid=1447421682"
        },
        "columns": {
          "mappingMode": "defineBelow",
          "value": {
            "id": "==ROW()-1",
            "shortform_links": "={{ $('Ready? ').item.json.src_url }}",
            "publishing_status": "for publishing",
            "tiktok_caption": "={{ $('Get Shorts Details1').item.json.publication_captions.tiktok }}",
            "youtube_caption": "={{ $('Get Shorts Details1').item.json.publication_captions.youtube }}",
            "instagram_caption": "={{ $('Get Shorts Details1').item.json.publication_captions.instagram }}",
            "linkedin_caption": "={{ $('Get Shorts Details1').item.json.publication_captions.linkedin }}"
          },
          "matchingColumns": [
            "id"
          ],
          "schema": [
            {
              "id": "id",
              "displayName": "id",
              "required": false,
              "defaultMatch": true,
              "display": true,
              "type": "string",
              "canBeUsedToMatch": true,
              "removed": false
            },
            {
              "id": "shortform_links",
              "displayName": "shortform_links",
              "required": false,
              "defaultMatch": false,
              "display": true,
              "type": "string",
              "canBeUsedToMatch": true
            },
            {
              "id": "tiktok_caption",
              "displayName": "tiktok_caption",
              "required": false,
              "defaultMatch": false,
              "display": true,
              "type": "string",
              "canBeUsedToMatch": true,
              "removed": false
            },
            {
              "id": "instagram_caption",
              "displayName": "instagram_caption",
              "required": false,
              "defaultMatch": false,
              "display": true,
              "type": "string",
              "canBeUsedToMatch": true,
              "removed": false
            },
            {
              "id": "youtube_caption",
              "displayName": "youtube_caption",
              "required": false,
              "defaultMatch": false,
              "display": true,
              "type": "string",
              "canBeUsedToMatch": true,
              "removed": false
            },
            {
              "id": "linkedin_caption",
              "displayName": "linkedin_caption",
              "required": false,
              "defaultMatch": false,
              "display": true,
              "type": "string",
              "canBeUsedToMatch": true,
              "removed": false
            },
            {
              "id": "publishing_status",
              "displayName": "publishing_status",
              "required": false,
              "defaultMatch": false,
              "display": true,
              "type": "string",
              "canBeUsedToMatch": true
            },
            {
              "id": "date_published",
              "displayName": "date_published",
              "required": false,
              "defaultMatch": false,
              "display": true,
              "type": "string",
              "canBeUsedToMatch": true,
              "removed": false
            }
          ],
          "attemptToConvertTypes": false,
          "convertFieldsToString": false
        },
        "options": {}
      },
      "type": "n8n-nodes-base.googleSheets",
      "typeVersion": 4.5,
      "position": [
        1600,
        3060
      ],
      "id": "f67d544b-2e85-4a51-a43a-6c592b5e7e65",
      "name": "Log Shorts1",
      "credentials": {
        "googleSheetsOAuth2Api": {
          "id": "dVl967zdp9wvmGOI",
          "name": "Google Sheets account 2"
        }
      }
    },
    {
      "parameters": {
        "method": "POST",
        "url": "https://backend.blotato.com/v2/media",
        "authentication": "genericCredentialType",
        "genericAuthType": "httpHeaderAuth",
        "sendBody": true,
        "bodyParameters": {
          "parameters": [
            {
              "name": "url",
              "value": "={{ $json.shortform_links }}"
            }
          ]
        },
        "options": {}
      },
      "type": "n8n-nodes-base.httpRequest",
      "typeVersion": 4.2,
      "position": [
        1820,
        3280
      ],
      "id": "5037c7ca-2299-4055-a573-d2214f3698de",
      "name": "Load Shorts1",
      "credentials": {
        "httpHeaderAuth": {
          "id": "u5ub0gDmnJid4z1x",
          "name": "Klap API"
        }
      }
    },
    {
      "parameters": {
        "url": "=https://api.klap.app/v2/projects/{{ $json.output_id }}",
        "authentication": "genericCredentialType",
        "genericAuthType": "httpHeaderAuth",
        "options": {}
      },
      "type": "n8n-nodes-base.httpRequest",
      "typeVersion": 4.2,
      "position": [
        2820,
        2620
      ],
      "id": "f4fe40a4-9dac-4de2-a05a-0960f87b2610",
      "name": "Get Shorts Details1",
      "credentials": {
        "httpHeaderAuth": {
          "id": "u5ub0gDmnJid4z1x",
          "name": "Klap API"
        }
      }
    },
    {
      "parameters": {
        "operation": "update",
        "documentId": {
          "__rl": true,
          "value": "1z2nBS4rBFG47BkzzFyY9eIx6ZSpbVT9tTuodhkCGCjU",
          "mode": "list",
          "cachedResultName": "Make a Copy!!! The AUTOMATED CLIP FARM",
          "cachedResultUrl": "https://docs.google.com/spreadsheets/d/1z2nBS4rBFG47BkzzFyY9eIx6ZSpbVT9tTuodhkCGCjU/edit?usp=drivesdk"
        },
        "sheetName": {
          "__rl": true,
          "value": "gid=0",
          "mode": "list",
          "cachedResultName": "Sheet1",
          "cachedResultUrl": "https://docs.google.com/spreadsheets/d/1GPItovC-npqC7NqNayxmJtpBYX7E074RWV19SOPVA7Q/edit#gid=0"
        },
        "columns": {
          "mappingMode": "defineBelow",
          "value": {
            "id": "={{ $('Get Longform1').item.json.id }}",
            "date_produced": "={{ new Date().toISOString().split('T')[0] }}",
            "production_status": "done"
          },
          "matchingColumns": [
            "id"
          ],
          "schema": [
            {
              "id": "id",
              "displayName": "id",
              "required": false,
              "defaultMatch": true,
              "display": true,
              "type": "string",
              "canBeUsedToMatch": true,
              "removed": false
            },
            {
              "id": "longform_links",
              "displayName": "longform_links",
              "required": false,
              "defaultMatch": false,
              "display": true,
              "type": "string",
              "canBeUsedToMatch": true,
              "removed": false
            },
            {
              "id": "production_status",
              "displayName": "production_status",
              "required": false,
              "defaultMatch": false,
              "display": true,
              "type": "string",
              "canBeUsedToMatch": true,
              "removed": false
            },
            {
              "id": "date_produced",
              "displayName": "date_produced",
              "required": false,
              "defaultMatch": false,
              "display": true,
              "type": "string",
              "canBeUsedToMatch": true,
              "removed": false
            },
            {
              "id": "row_number",
              "displayName": "row_number",
              "required": false,
              "defaultMatch": false,
              "display": true,
              "type": "string",
              "canBeUsedToMatch": true,
              "readOnly": true,
              "removed": true
            }
          ],
          "attemptToConvertTypes": false,
          "convertFieldsToString": false
        },
        "options": {}
      },
      "type": "n8n-nodes-base.googleSheets",
      "typeVersion": 4.5,
      "position": [
        2880,
        3040
      ],
      "id": "65b17b74-1037-473f-8a6a-453be077ef59",
      "name": "Update Longform Status1",
      "executeOnce": false,
      "credentials": {
        "googleSheetsOAuth2Api": {
          "id": "dVl967zdp9wvmGOI",
          "name": "Google Sheets account 2"
        }
      }
    },
    {
      "parameters": {
        "operation": "update",
        "documentId": {
          "__rl": true,
          "value": "1z2nBS4rBFG47BkzzFyY9eIx6ZSpbVT9tTuodhkCGCjU",
          "mode": "list",
          "cachedResultName": "Make a Copy!!! The AUTOMATED CLIP FARM",
          "cachedResultUrl": "https://docs.google.com/spreadsheets/d/1z2nBS4rBFG47BkzzFyY9eIx6ZSpbVT9tTuodhkCGCjU/edit?usp=drivesdk"
        },
        "sheetName": {
          "__rl": true,
          "value": 1447421682,
          "mode": "list",
          "cachedResultName": "Sheet2",
          "cachedResultUrl": "https://docs.google.com/spreadsheets/d/1Egz48qUvhVCWoaF11fedsgbuRNrN8JF8MapcZ7vw3j8/edit#gid=1447421682"
        },
        "columns": {
          "mappingMode": "defineBelow",
          "value": {
            "shortform_links": "={{ $('Log Shorts1').item.json.shortform_links }}",
            "publishing_status": "done",
            "date_published": "={{ new Date().toISOString().split('T')[0] }}"
          },
          "matchingColumns": [
            "shortform_links"
          ],
          "schema": [
            {
              "id": "id",
              "displayName": "id",
              "required": false,
              "defaultMatch": true,
              "display": true,
              "type": "string",
              "canBeUsedToMatch": true,
              "removed": false
            },
            {
              "id": "shortform_links",
              "displayName": "shortform_links",
              "required": false,
              "defaultMatch": false,
              "display": true,
              "type": "string",
              "canBeUsedToMatch": true,
              "removed": false
            },
            {
              "id": "tiktok_caption",
              "displayName": "tiktok_caption",
              "required": false,
              "defaultMatch": false,
              "display": true,
              "type": "string",
              "canBeUsedToMatch": true,
              "removed": false
            },
            {
              "id": "instagram_caption",
              "displayName": "instagram_caption",
              "required": false,
              "defaultMatch": false,
              "display": true,
              "type": "string",
              "canBeUsedToMatch": true,
              "removed": false
            },
            {
              "id": "youtube_caption",
              "displayName": "youtube_caption",
              "required": false,
              "defaultMatch": false,
              "display": true,
              "type": "string",
              "canBeUsedToMatch": true,
              "removed": false
            },
            {
              "id": "linkedin_caption",
              "displayName": "linkedin_caption",
              "required": false,
              "defaultMatch": false,
              "display": true,
              "type": "string",
              "canBeUsedToMatch": true,
              "removed": false
            },
            {
              "id": "publishing_status",
              "displayName": "publishing_status",
              "required": false,
              "defaultMatch": false,
              "display": true,
              "type": "string",
              "canBeUsedToMatch": true,
              "removed": false
            },
            {
              "id": "date_published",
              "displayName": "date_published",
              "required": false,
              "defaultMatch": false,
              "display": true,
              "type": "string",
              "canBeUsedToMatch": true,
              "removed": false
            },
            {
              "id": "row_number",
              "displayName": "row_number",
              "required": false,
              "defaultMatch": false,
              "display": true,
              "type": "string",
              "canBeUsedToMatch": true,
              "readOnly": true,
              "removed": true
            }
          ],
          "attemptToConvertTypes": false,
          "convertFieldsToString": false
        },
        "options": {}
      },
      "type": "n8n-nodes-base.googleSheets",
      "typeVersion": 4.5,
      "position": [
        1920,
        3580
      ],
      "id": "d3047107-efd5-484f-a5e5-e6b7830e428a",
      "name": "Update Shorts Status1",
      "executeOnce": false,
      "credentials": {
        "googleSheetsOAuth2Api": {
          "id": "dVl967zdp9wvmGOI",
          "name": "Google Sheets account 2"
        }
      }
    },
    {
      "parameters": {},
      "type": "n8n-nodes-base.wait",
      "typeVersion": 1.1,
      "position": [
        2060,
        2820
      ],
      "id": "e42ecdee-6430-4328-8b51-dcec9e1fd021",
      "name": "Wait ",
      "webhookId": "50e4698e-d88d-4860-ac24-d5687be3f4d1"
    },
    {
      "parameters": {
        "content": "# THE AUTOMATED CLIP FARM",
        "height": 180,
        "width": 1680,
        "color": 3
      },
      "type": "n8n-nodes-base.stickyNote",
      "typeVersion": 1,
      "position": [
        840,
        2360
      ],
      "id": "74d0caff-7427-4993-bd46-9c45aae7d87a",
      "name": "Sticky Note9"
    },
    {
      "parameters": {
        "url": "https://youtube-media-downloader.p.rapidapi.com/v2/video/details?videoId=G33j5Qi4rE8&urlAccess=normal&videos=auto&audios=auto",
        "sendQuery": true,
        "queryParameters": {
          "parameters": [
            {
              "name": "videoId",
              "value": "={{ $json.videoId }}"
            },
            {
              "name": "urlAccess",
              "value": "normal"
            },
            {
              "name": "audios",
              "value": "auto"
            },
            {
              "name": "videos",
              "value": "auto"
            }
          ]
        },
        "sendHeaders": true,
        "headerParameters": {
          "parameters": [
            {
              "name": "X-RapidAPI-Key",
              "value": "yourapikeyhere"
            },
            {
              "name": "X-RapidAPI-Host",
              "value": "youtube-media-downloader.p.rapidapi.com"
            }
          ]
        },
        "options": {}
      },
      "type": "n8n-nodes-base.httpRequest",
      "typeVersion": 4.2,
      "position": [
        2240,
        2140
      ],
      "id": "1cfc47e7-1057-4112-a485-b6031b8cf353",
      "name": "HTTP Request"
    },
    {
      "parameters": {
        "jsCode": "// grabs the 11-char ID from any YT link or short link\nconst url   = $json.longform_links.trim();\nconst match = url.match(/(?:v=|\\/)([0-9A-Za-z_-]{11})/);\nreturn [{ videoId: match ? match[1] : url }];\n"
      },
      "type": "n8n-nodes-base.code",
      "typeVersion": 2,
      "position": [
        2040,
        2140
      ],
      "id": "ddc36583-6482-40bc-b1e1-51d8e01b9693",
      "name": "Code"
    },
    {
      "parameters": {
        "jsCode": "// “Pick mp4 and carry over longform id”\nconst vids = $json.videos.items;\n\n// 1️⃣ prefer mp4 that already has audio\nlet best = vids.find(v => v.extension === 'mp4' && v.hasAudio);\n\n// 2️⃣ fallback: first mp4 in the list\nif (!best) best = vids.find(v => v.extension === 'mp4');\n\nif (!best) throw new Error('No mp4 link found!');\n\n// grab the longform id from the previous node\nconst longformId = $node['Get Longform2'].json.id;\n\nreturn [{\n  id: longformId,\n  mp4: best.url\n}];\n"
      },
      "type": "n8n-nodes-base.code",
      "typeVersion": 2,
      "position": [
        2440,
        2140
      ],
      "id": "381bbc3f-28a4-44c3-bdcc-d4500347f1c0",
      "name": "Code1"
    },
    {
      "parameters": {
        "url": "https://api.klap.app/v2/tasks/video-to-shorts",
        "sendBody": true,
        "specifyBody": "json",
        "jsonBody": "{\n  \"source_video_url\": \"https://cdn.yourhost.com/path/to/video.mp4\",\n  \"language\": \"en\",\n  \"target_clip_count\": 2,\n  \"max_clip_count\": 2,\n  \"editing_options\": {\n    \"captions\": true,\n    \"reframe\": true,\n    \"emojis\": true,\n    \"remove_silences\": true,\n    \"intro_title\": false\n  },\n  \"dimensions\": { \"width\": 1080, \"height\": 1920 },\n  \"min_duration\": 15,\n  \"max_duration\": 60,\n  \"target_duration\": 30\n}",
        "options": {}
      },
      "type": "n8n-nodes-base.httpRequest",
      "typeVersion": 4.2,
      "position": [
        2880,
        2840
      ],
      "id": "703e9fe1-7faa-4d83-ad12-33cdbe18f3fc",
      "name": "HTTP Request1"
    },
    {
      "parameters": {
        "documentId": {
          "__rl": true,
          "value": "1z2nBS4rBFG47BkzzFyY9eIx6ZSpbVT9tTuodhkCGCjU",
          "mode": "list",
          "cachedResultName": "Make a Copy!!! The AUTOMATED CLIP FARM",
          "cachedResultUrl": "https://docs.google.com/spreadsheets/d/1z2nBS4rBFG47BkzzFyY9eIx6ZSpbVT9tTuodhkCGCjU/edit?usp=drivesdk"
        },
        "sheetName": {
          "__rl": true,
          "value": "gid=0",
          "mode": "list",
          "cachedResultName": "Sheet1",
          "cachedResultUrl": "https://docs.google.com/spreadsheets/d/1z2nBS4rBFG47BkzzFyY9eIx6ZSpbVT9tTuodhkCGCjU/edit#gid=0"
        },
        "filtersUI": {
          "values": [
            {
              "lookupColumn": "production_status",
              "lookupValue": "freeversion"
            }
          ]
        },
        "options": {}
      },
      "type": "n8n-nodes-base.googleSheets",
      "typeVersion": 4.5,
      "position": [
        1840,
        2140
      ],
      "id": "0dbcffbe-eace-4598-9145-a9d09e668c15",
      "name": "Get Longform2",
      "credentials": {
        "googleSheetsOAuth2Api": {
          "id": "dVl967zdp9wvmGOI",
          "name": "Google Sheets account 2"
        }
      }
    },
    {
      "parameters": {
        "content": "## Step 1: NON SUBSCRIPTION VERSION OF KLAP Get Longform",
        "height": 100,
        "width": 840
      },
      "type": "n8n-nodes-base.stickyNote",
      "typeVersion": 1,
      "position": [
        1400,
        2020
      ],
      "id": "266e1a2f-7f22-4d9a-8251-8b98a4b132c6",
      "name": "Sticky Note10"
    },
    {
      "parameters": {
        "rule": {
          "interval": [
            {}
          ]
        }
      },
      "type": "n8n-nodes-base.scheduleTrigger",
      "typeVersion": 1.2,
      "position": [
        1640,
        2140
      ],
      "id": "f5d05a38-e9da-49e7-84eb-f86491368fac",
      "name": "Schedule Trigger2"
    },
    {
      "parameters": {
        "operation": "update",
        "documentId": {
          "__rl": true,
          "value": "1z2nBS4rBFG47BkzzFyY9eIx6ZSpbVT9tTuodhkCGCjU",
          "mode": "list",
          "cachedResultName": "Make a Copy!!! The AUTOMATED CLIP FARM",
          "cachedResultUrl": "https://docs.google.com/spreadsheets/d/1z2nBS4rBFG47BkzzFyY9eIx6ZSpbVT9tTuodhkCGCjU/edit?usp=drivesdk"
        },
        "sheetName": {
          "__rl": true,
          "value": "gid=0",
          "mode": "list",
          "cachedResultName": "Sheet1",
          "cachedResultUrl": "https://docs.google.com/spreadsheets/d/1GPItovC-npqC7NqNayxmJtpBYX7E074RWV19SOPVA7Q/edit#gid=0"
        },
        "columns": {
          "mappingMode": "defineBelow",
          "value": {
            "id": "={{ $json.id }}",
            "production_status": "needs download",
            "longform_links": "={{ $json.mp4 }}"
          },
          "matchingColumns": [
            "id"
          ],
          "schema": [
            {
              "id": "id",
              "displayName": "id",
              "required": false,
              "defaultMatch": true,
              "display": true,
              "type": "string",
              "canBeUsedToMatch": true,
              "removed": false
            },
            {
              "id": "longform_links",
              "displayName": "longform_links",
              "required": false,
              "defaultMatch": false,
              "display": true,
              "type": "string",
              "canBeUsedToMatch": true,
              "removed": false
            },
            {
              "id": "production_status",
              "displayName": "production_status",
              "required": false,
              "defaultMatch": false,
              "display": true,
              "type": "string",
              "canBeUsedToMatch": true,
              "removed": false
            },
            {
              "id": "date_produced",
              "displayName": "date_produced",
              "required": false,
              "defaultMatch": false,
              "display": true,
              "type": "string",
              "canBeUsedToMatch": true,
              "removed": true
            },
            {
              "id": "row_number",
              "displayName": "row_number",
              "required": false,
              "defaultMatch": false,
              "display": true,
              "type": "string",
              "canBeUsedToMatch": true,
              "readOnly": true,
              "removed": true
            }
          ],
          "attemptToConvertTypes": false,
          "convertFieldsToString": false
        },
        "options": {}
      },
      "type": "n8n-nodes-base.googleSheets",
      "typeVersion": 4.5,
      "position": [
        2640,
        2140
      ],
      "id": "425c3f7b-7f20-4040-bf16-36ec65c34f38",
      "name": "Update Longform Status2",
      "executeOnce": false,
      "credentials": {
        "googleSheetsOAuth2Api": {
          "id": "dVl967zdp9wvmGOI",
          "name": "Google Sheets account 2"
        }
      }
    },
    {
      "parameters": {
        "content": "Click on the link now in the google sheet and download the video \n\nupload the video to cloudinary and copy the video link in cloudinary to replace the link in the google sheet and change status to for production\n\n\n",
        "width": 300
      },
      "type": "n8n-nodes-base.stickyNote",
      "typeVersion": 1,
      "position": [
        2860,
        1980
      ],
      "id": "e74a7aa6-9d19-4885-83e7-0afdfa6bc273",
      "name": "Sticky Note11"
    }
  ],
  "pinData": {
    "Export Shorts1": [
      {
        "json": {
          "id": "4e2ecc8e-3056-4fc5-a607-d7f3534807c0",
          "status": "processing",
          "src_url": null,
          "estimated_ready_at": "2025-06-11T13:50:29.960Z",
          "project_id": "zcz9IbTCKkLd",
          "created_at": "2025-06-11T13:49:44.960Z",
          "name": "The Science Behind the Big Bang and the Birth of the Universe",
          "author_id": "6b7bf5d6-28bc-40c5-b45c-2a6fac710f22",
          "folder_id": "NisRpxog",
          "descriptions": null
        }
      }
    ]
  },
  "connections": {
    "Wait1": {
      "main": [
        [
          {
            "node": "Get Status1",
            "type": "main",
            "index": 0
          }
        ]
      ]
    },
    "Get Longform1": {
      "main": [
        [
          {
            "node": "Analyze Longform1",
            "type": "main",
            "index": 0
          }
        ]
      ]
    },
    "Get Status1": {
      "main": [
        [
          {
            "node": "Ready?1",
            "type": "main",
            "index": 0
          }
        ]
      ]
    },
    "Export Shorts1": {
      "main": [
        [
          {
            "node": "Wait ",
            "type": "main",
            "index": 0
          }
        ]
      ]
    },
    "Get Shorts1": {
      "main": [
        [
          {
            "node": "Ready? ",
            "type": "main",
            "index": 0
          },
          {
            "node": "HTTP Request1",
            "type": "main",
            "index": 0
          }
        ]
      ]
    },
    "Schedule Trigger1": {
      "main": [
        [
          {
            "node": "Get Longform1",
            "type": "main",
            "index": 0
          }
        ]
      ]
    },
    "Analyze Longform1": {
      "main": [
        [
          {
            "node": "Wait1",
            "type": "main",
            "index": 0
          }
        ]
      ]
    },
    "Ready?1": {
      "main": [
        [
          {
            "node": "Get Shorts Details1",
            "type": "main",
            "index": 0
          }
        ],
        [
          {
            "node": "Wait1",
            "type": "main",
            "index": 0
          }
        ]
      ]
    },
    "Ready? ": {
      "main": [
        [
          {
            "node": "Update Longform Status1",
            "type": "main",
            "index": 0
          }
        ],
        [
          {
            "node": "Wait ",
            "type": "main",
            "index": 0
          }
        ]
      ]
    },
    "Log Shorts1": {
      "main": [
        [
          {
            "node": "Load Shorts1",
            "type": "main",
            "index": 0
          }
        ]
      ]
    },
    "Load Shorts1": {
      "main": [
        [
          {
            "node": "🎵 TIKTOK1",
            "type": "main",
            "index": 0
          },
          {
            "node": "🔺YOUTUBE1",
            "type": "main",
            "index": 0
          },
          {
            "node": "📷 INSTAGRAM1",
            "type": "main",
            "index": 0
          },
          {
            "node": "👔 LINKEDIN1",
            "type": "main",
            "index": 0
          },
          {
            "node": "Update Shorts Status1",
            "type": "main",
            "index": 0
          }
        ]
      ]
    },
    "Get Shorts Details1": {
      "main": [
        [
          {
            "node": "Export Shorts1",
            "type": "main",
            "index": 0
          }
        ]
      ]
    },
    "Update Longform Status1": {
      "main": [
        [
          {
            "node": "Log Shorts1",
            "type": "main",
            "index": 0
          }
        ]
      ]
    },
    "Wait ": {
      "main": [
        [
          {
            "node": "Get Shorts1",
            "type": "main",
            "index": 0
          }
        ]
      ]
    },
    "HTTP Request": {
      "main": [
        [
          {
            "node": "Code1",
            "type": "main",
            "index": 0
          }
        ]
      ]
    },
    "Code": {
      "main": [
        [
          {
            "node": "HTTP Request",
            "type": "main",
            "index": 0
          }
        ]
      ]
    },
    "Code1": {
      "main": [
        [
          {
            "node": "Update Longform Status2",
            "type": "main",
            "index": 0
          }
        ]
      ]
    },
    "Get Longform2": {
      "main": [
        [
          {
            "node": "Code",
            "type": "main",
            "index": 0
          }
        ]
      ]
    },
    "Schedule Trigger2": {
      "main": [
        [
          {
            "node": "Get Longform2",
            "type": "main",
            "index": 0
          }
        ]
      ]
    }
  },
  "active": false,
  "settings": {
    "executionOrder": "v1"
  },
  "versionId": "338cec92-798d-4bef-ad14-c9d3503afc5c",
  "meta": {
    "templateCredsSetupCompleted": true,
    "instanceId": "5909f619521f7fe7348c10750d8010c6a821bbcfe21868c3387d252b34e43e83"
  },
  "id": "eNGHeQjGDcRWaebc",
  "tags": []
}